{"nm0001104": "Frank Darabont", "nm0000338": "Francis Ford Coppola", "nm0634240": "Christopher Nolan", "nm0001486": "Sidney Lumet", "nm0000229": "Steven Spielberg", "nm0001392": "Peter Jackson", "nm0000233": "Quentin Tarantino", "nm0001466": "Sergio Leone", "nm0000709": "Robert Zemeckis", "nm0000399": "David Fincher", "nm0449984": "Irvin Kershner", "nm0905154": "Lana Wachowski", "nm0905152": "Lilly Wachowski", "nm0000217": "Martin Scorsese", "nm0001232": "Milos Forman", "nm0000041": "Akira Kurosawa", "nm0001008": "Frank Capra", "nm0001129": "Jonathan Demme", "nm0576987": "Fernando Meirelles", "nm0526199": "K\u00e1tia Lund", "nm0000905": "Roberto Benigni", "nm0000184": "George Lucas", "nm0000116": "James Cameron", "nm0594503": "Hayao Miyazaki", "nm0000033": "Alfred Hitchcock", "nm0000591": "Roman Polanski", "nm0000108": "Luc Besson", "nm0094435": "Bong Joon Ho", "nm0021249": "Roger Allers", "nm0591450": "Rob Minkoff", "nm0000631": "Ridley Scott", "nm0443411": "Tony Kaye", "nm0001741": "Bryan Singer", "nm0002031": "Michael Curtiz", "nm2676052": "Joseph Kosinski", "nm3227090": "Damien Chazelle", "nm0619923": "Olivier Nakache", "nm0865918": "\u00c9ric Toledano", "nm0000122": "Charles Chaplin", "nm0462030": "Masaki Kobayashi", "nm0847223": "Isao Takahata", "nm0868153": "Giuseppe Tornatore", "nm0004056": "Andrew Stanton", "nm0003697": "Florian Henckel von Donnersmarck", "nm0000697": "Billy Wilder", "nm0000040": "Stanley Kubrick", "nm0751577": "Anthony Russo", "nm0751648": "Joe Russo", "nm0005222": "Sam Mendes", "nm2130108": "Bob Persichetti", "nm0709056": "Peter Ramsey", "nm0745247": "Rodney Rothman", "nm0661791": "Park Chan-wook", "nm0680846": "Todd Phillips", "nm0000154": "Mel Gibson", "nm0005124": "John Lasseter", "nm0881279": "Lee Unkrich", "nm2937122": "Adrian Molina", "nm0000583": "Wolfgang Petersen", "nm0001814": "Gus Van Sant", "nm0004716": "Darren Aronofsky", "nm1396121": "Makoto Shinkai", "nm0002045": "Stanley Donen", "nm0000037": "Gene Kelly", "nm0386246": "Rajkumar Hirani", "nm0549658": "Richard Marquand", "nm0327273": "Michel Gondry", "nm1701024": "Nadine Labaki", "nm0000080": "Orson Welles", "nm0000180": "David Lean", "nm0899121": "Thomas Vinterberg", "nm0000485": "Fritz Lang", "nm0000466": "Jean-Pierre Jeunet", "nm0459552": "Elem Klimov", "nm0000361": "Brian De Palma", "nm0001351": "George Roy Hill", "nm0612322": "Robert Mulligan", "nm0000436": "Curtis Hanson", "nm0230032": "Pete Docter", "nm0677037": "Bob Peterson", "nm0000520": "Michael Mann", "nm2371802": "Thomas Kail", "nm1410815": "Asghar Farhadi", "nm0005363": "Guy Ritchie", "nm0001532": "John McTiernan", "nm0898288": "Denis Villeneuve", "nm0001120": "Vittorio De Sica", "nm1218281": "Jon Watts", "nm0451148": "Aamir Khan", "nm1244760": "Amole Gupte", "nm0386570": "Oliver Hirschbiegel", "nm4318159": "Nitesh Tiwari", "nm1725469": "Florian Zeller", "nm0000581": "Joseph L. Mankiewicz", "nm0268380": "Peter Farrelly", "nm3453283": "Dan Kwan", "nm3215397": "Daniel Scheinert", "nm0006452": "Stanley Kramer", "nm0000142": "Clint Eastwood", "nm0868219": "Guillermo del Toro", "nm0000759": "Paul Thomas Anderson", "nm0796117": "M. Night Shyamalan", "nm0000165": "Ron Howard", "nm0000416": "Terry Gilliam", "nm0001402": "Terry Jones", "nm0001837": "Peter Weir", "nm0001379": "John Huston", "nm0836328": "John Sturges", "nm0001053": "Ethan Coen", "nm0001054": "Joel Coen", "nm0000186": "David Lynch", "nm0281808": "Victor Fleming", "nm0002030": "George Cukor", "nm0939992": "Sam Wood", "nm0574625": "James McTeigue", "nm0000118": "John Carpenter", "nm0215455": "Ronnie Del Carmen", "nm0002728": "Juan Jos\u00e9 Campanella", "nm1732981": "Martin McDonagh", "nm0000965": "Danny Boyle", "nm0640334": "Gavin O'Connor", "nm0001415": "Elia Kazan", "nm0715346": "Carol Reed", "nm0006498": "Majid Majidi", "nm0943758": "William Wyler", "nm2588606": "Steve McQueen", "nm0115669": "Clyde Bruckman", "nm0000036": "Buster Keaton", "nm0000005": "Ingmar Bergman", "nm0000500": "Richard Linklater", "nm0946734": "David Yates", "nm0001047": "Michael Cimino", "nm0006487": "Jim Sheridan", "nm0027572": "Wes Anderson", "nm0167241": "Henri-Georges Clouzot", "nm1049433": "Lenny Abrahamson", "nm0655053": "Sergio Pablos", "nm3582089": "Carlos Mart\u00ednez L\u00f3pez", "nm1167933": "Dami\u00e1n Szifron", "nm0004306": "George Miller", "nm0213450": "Dean DeBlois", "nm0761498": "Chris Sanders", "nm0254178": "Adam Elliot", "nm0798899": "David Silverman", "nm0003433": "Carl Theodor Dreyer", "nm0313623": "Terry George", "nm0654868": "Yasujir\u00f4 Ozu", "nm0006249": "Satyajit Ray", "nm0000814": "John G. Avildsen", "nm0000231": "Oliver Stone", "nm0003506": "James Mangold", "nm0001661": "Rob Reiner", "nm0565336": "Tom McCarthy", "nm0000576": "Sean Penn", "nm0503777": "Mervyn LeRoy", "nm0000601": "Harold Ramis", "nm0083348": "Brad Bird", "nm0684342": "Jan Pinkava", "nm0001243": "William Friedkin", "nm0523932": "Ernst Lubitsch", "nm0000406": "John Ford", "nm0690597": "Gillo Pontecorvo", "nm0002120": "Lasse Hallstr\u00f6m", "nm0742341": "Stuart Rosenberg", "nm0327944": "Alejandro G. I\u00f1\u00e1rritu", "nm0893659": "Gore Verbinski", "nm0440913": "Mathieu Kassovitz", "nm0000076": "Fran\u00e7ois Truffaut", "nm1463981": "Cagan Irmak", "nm0936404": "Robert Wise", "nm4377096": "T.J. Gnanavel", "nm0166256": "Ron Clements", "nm0615780": "John Musker", "nm0000277": "Richard Attenborough", "nm0853238": "Tate Taylor", "nm0873779": "Gary Trousdale", "nm0936374": "Kirk Wise"}